[{"model": "admin.logentry", "pk": 1, "fields": {"action_time": "2021-08-11T18:43:26.458Z", "user": 1, "content_type": 9, "object_id": "1", "object_repr": "Тест по географии", "action_flag": 1, "change_message": "[{\"added\": {}}]"}}, {"model": "admin.logentry", "pk": 2, "fields": {"action_time": "2021-08-11T18:44:16.214Z", "user": 1, "content_type": 7, "object_id": "1", "object_repr": "Первое кругосветное путешествие совершил", "action_flag": 1, "change_message": "[{\"added\": {}}]"}}, {"model": "admin.logentry", "pk": 3, "fields": {"action_time": "2021-08-11T18:45:13.537Z", "user": 1, "content_type": 8, "object_id": "1", "object_repr": "Х. Колумб", "action_flag": 1, "change_message": "[{\"added\": {}}]"}}, {"model": "admin.logentry", "pk": 4, "fields": {"action_time": "2021-08-11T18:46:13.546Z", "user": 1, "content_type": 8, "object_id": "2", "object_repr": "Миклухо – Маклай", "action_flag": 1, "change_message": "[{\"added\": {}}]"}}, {"model": "admin.logentry", "pk": 5, "fields": {"action_time": "2021-08-11T18:46:32.526Z", "user": 1, "content_type": 8, "object_id": "3", "object_repr": "М.Поло", "action_flag": 1, "change_message": "[{\"added\": {}}]"}}, {"model": "admin.logentry", "pk": 6, "fields": {"action_time": "2021-08-11T18:46:49.668Z", "user": 1, "content_type": 8, "object_id": "4", "object_repr": "Ф.Магеллан", "action_flag": 1, "change_message": "[{\"added\": {}}]"}}, {"model": "admin.logentry", "pk": 7, "fields": {"action_time": "2021-08-11T18:48:15.292Z", "user": 1, "content_type": 7, "object_id": "2", "object_repr": "Параллелями называют линии, условно проведенные по поверхности Земли", "action_flag": 1, "change_message": "[{\"added\": {}}]"}}, {"model": "admin.logentry", "pk": 8, "fields": {"action_time": "2021-08-11T18:48:38.284Z", "user": 1, "content_type": 8, "object_id": "5", "object_repr": "Вдоль береговой линии", "action_flag": 1, "change_message": "[{\"added\": {}}]"}}, {"model": "admin.logentry", "pk": 9, "fields": {"action_time": "2021-08-11T18:48:50.126Z", "user": 1, "content_type": 8, "object_id": "6", "object_repr": "От одного полюса к другому", "action_flag": 1, "change_message": "[{\"added\": {}}]"}}, {"model": "admin.logentry", "pk": 10, "fields": {"action_time": "2021-08-11T18:49:02.569Z", "user": 1, "content_type": 8, "object_id": "7", "object_repr": "Параллельно экватору", "action_flag": 1, "change_message": "[{\"added\": {}}]"}}, {"model": "admin.logentry", "pk": 11, "fields": {"action_time": "2021-08-11T18:50:05.102Z", "user": 1, "content_type": 8, "object_id": "8", "object_repr": "Вдоль границы климатических поясов", "action_flag": 1, "change_message": "[{\"added\": {}}]"}}, {"model": "admin.logentry", "pk": 12, "fields": {"action_time": "2021-08-11T18:50:36.933Z", "user": 1, "content_type": 7, "object_id": "3", "object_repr": "Географическая оболочка", "action_flag": 1, "change_message": "[{\"added\": {}}]"}}, {"model": "admin.logentry", "pk": 13, "fields": {"action_time": "2021-08-11T18:50:53.896Z", "user": 1, "content_type": 8, "object_id": "9", "object_repr": "Биосфера", "action_flag": 1, "change_message": "[{\"added\": {}}]"}}, {"model": "admin.logentry", "pk": 14, "fields": {"action_time": "2021-08-11T18:51:08.222Z", "user": 1, "content_type": 8, "object_id": "10", "object_repr": "Литосфера", "action_flag": 1, "change_message": "[{\"added\": {}}]"}}, {"model": "admin.logentry", "pk": 15, "fields": {"action_time": "2021-08-11T18:51:18.908Z", "user": 1, "content_type": 8, "object_id": "11", "object_repr": "Гидросфера", "action_flag": 1, "change_message": "[{\"added\": {}}]"}}, {"model": "admin.logentry", "pk": 16, "fields": {"action_time": "2021-08-11T18:51:31.499Z", "user": 1, "content_type": 8, "object_id": "12", "object_repr": "Атмосфера", "action_flag": 1, "change_message": "[{\"added\": {}}]"}}, {"model": "admin.logentry", "pk": 17, "fields": {"action_time": "2021-08-11T18:52:31.864Z", "user": 1, "content_type": 7, "object_id": "4", "object_repr": "Основные площади обрабатываемых земель расположены в", "action_flag": 1, "change_message": "[{\"added\": {}}]"}}, {"model": "admin.logentry", "pk": 18, "fields": {"action_time": "2021-08-11T18:52:56.779Z", "user": 1, "content_type": 8, "object_id": "13", "object_repr": "лесостепях и степях", "action_flag": 1, "change_message": "[{\"added\": {}}]"}}, {"model": "admin.logentry", "pk": 19, "fields": {"action_time": "2021-08-11T18:53:09.974Z", "user": 1, "content_type": 8, "object_id": "14", "object_repr": "экваториальных лесах", "action_flag": 1, "change_message": "[{\"added\": {}}]"}}, {"model": "admin.logentry", "pk": 20, "fields": {"action_time": "2021-08-11T18:53:33.140Z", "user": 1, "content_type": 8, "object_id": "15", "object_repr": "тундре и лесотундре", "action_flag": 1, "change_message": "[{\"added\": {}}]"}}, {"model": "admin.logentry", "pk": 21, "fields": {"action_time": "2021-08-11T18:53:52.829Z", "user": 1, "content_type": 8, "object_id": "16", "object_repr": "полупустынях и пустынях", "action_flag": 1, "change_message": "[{\"added\": {}}]"}}, {"model": "admin.logentry", "pk": 22, "fields": {"action_time": "2021-08-11T18:54:09.544Z", "user": 1, "content_type": 8, "object_id": "17", "object_repr": "тайге, смешанных лесах", "action_flag": 1, "change_message": "[{\"added\": {}}]"}}, {"model": "admin.logentry", "pk": 23, "fields": {"action_time": "2021-08-11T18:55:02.021Z", "user": 1, "content_type": 7, "object_id": "5", "object_repr": "Не имеют выхода к морю страны", "action_flag": 1, "change_message": "[{\"added\": {}}]"}}, {"model": "admin.logentry", "pk": 24, "fields": {"action_time": "2021-08-11T18:55:19.090Z", "user": 1, "content_type": 8, "object_id": "18", "object_repr": "Албания, Греция", "action_flag": 1, "change_message": "[{\"added\": {}}]"}}, {"model": "admin.logentry", "pk": 25, "fields": {"action_time": "2021-08-11T18:55:31.475Z", "user": 1, "content_type": 8, "object_id": "19", "object_repr": "Чехия, Венгрия", "action_flag": 1, "change_message": "[{\"added\": {}}]"}}, {"model": "admin.logentry", "pk": 26, "fields": {"action_time": "2021-08-11T18:56:13.932Z", "user": 1, "content_type": 8, "object_id": "20", "object_repr": "Румыния, Венгрия", "action_flag": 1, "change_message": "[{\"added\": {}}]"}}, {"model": "admin.logentry", "pk": 27, "fields": {"action_time": "2021-08-11T18:56:33.939Z", "user": 1, "content_type": 8, "object_id": "21", "object_repr": "Германия, Франция", "action_flag": 1, "change_message": "[{\"added\": {}}]"}}, {"model": "admin.logentry", "pk": 28, "fields": {"action_time": "2021-08-11T18:56:46.943Z", "user": 1, "content_type": 8, "object_id": "22", "object_repr": "Польша, Болгария", "action_flag": 1, "change_message": "[{\"added\": {}}]"}}, {"model": "admin.logentry", "pk": 29, "fields": {"action_time": "2021-08-14T20:55:09.447Z", "user": 1, "content_type": 9, "object_id": "1", "object_repr": "Тест по географии", "action_flag": 2, "change_message": "[]"}}, {"model": "admin.logentry", "pk": 30, "fields": {"action_time": "2021-08-14T20:55:52.192Z", "user": 1, "content_type": 9, "object_id": "1", "object_repr": "Тест по географии", "action_flag": 2, "change_message": "[]"}}, {"model": "admin.logentry", "pk": 31, "fields": {"action_time": "2021-08-27T18:14:31.219Z", "user": 1, "content_type": 3, "object_id": "1", "object_repr": "Editors", "action_flag": 1, "change_message": "[{\"added\": {}}]"}}, {"model": "admin.logentry", "pk": 32, "fields": {"action_time": "2021-08-27T18:17:50.017Z", "user": 1, "content_type": 6, "object_id": "2", "object_repr": "user_1", "action_flag": 2, "change_message": "[{\"changed\": {\"fields\": [\"Groups\"]}}]"}}, {"model": "admin.logentry", "pk": 33, "fields": {"action_time": "2021-08-27T18:28:49.952Z", "user": 1, "content_type": 6, "object_id": "2", "object_repr": "user_1", "action_flag": 3, "change_message": ""}}, {"model": "admin.logentry", "pk": 34, "fields": {"action_time": "2021-08-27T18:28:56.878Z", "user": 1, "content_type": 6, "object_id": "3", "object_repr": "user_2", "action_flag": 2, "change_message": "[{\"changed\": {\"fields\": [\"Groups\"]}}]"}}, {"model": "admin.logentry", "pk": 35, "fields": {"action_time": "2021-08-27T19:11:57.484Z", "user": 1, "content_type": 6, "object_id": "3", "object_repr": "user_2", "action_flag": 2, "change_message": "[{\"changed\": {\"fields\": [\"Staff status\"]}}]"}}, {"model": "admin.logentry", "pk": 36, "fields": {"action_time": "2021-08-29T20:38:45.902Z", "user": 1, "content_type": 3, "object_id": "2", "object_repr": "Users", "action_flag": 1, "change_message": "[{\"added\": {}}]"}}, {"model": "admin.logentry", "pk": 37, "fields": {"action_time": "2021-08-29T20:40:30.282Z", "user": 1, "content_type": 6, "object_id": "3", "object_repr": "user_2", "action_flag": 2, "change_message": "[{\"changed\": {\"fields\": [\"Groups\"]}}]"}}, {"model": "auth.group", "pk": 1, "fields": {"name": "Editors", "permissions": [29, 30, 31, 32, 33, 34, 35, 36, 25, 26, 27, 28]}}, {"model": "auth.group", "pk": 2, "fields": {"name": "Users", "permissions": [36, 28, 40]}}, {"model": "sessions.session", "pk": "4gom2uk975gvtgxhzrqgh44fcdp5i073", "fields": {"session_data": ".eJxVjEEOwiAQRe_C2hAYoIBL956BzMBEqgaS0q6Md9cmXej2v_f-SyTc1pq2wUuaizgLLU6_G2F-cNtBuWO7dZl7W5eZ5K7Igw557YWfl8P9O6g46reeQDtrXHSAhoEcKQpa2RxNjJhJQfBcCiuljStogwePk2PLGYACa_H-ALl7Ny8:1mDQq1:Aag6CnSBXWGKW9TYNyunRY-vVTuSp-8WStdIvlEiQL0", "expire_date": "2021-08-24T12:26:33.995Z"}}, {"model": "sessions.session", "pk": "8c38d77vlk5hkpwxslox7fb4pubqw9py", "fields": {"session_data": ".eJxVjEEOwiAQRe_C2hAYoIBL956BzMBEqgaS0q6Md9cmXej2v_f-SyTc1pq2wUuaizgLLU6_G2F-cNtBuWO7dZl7W5eZ5K7Igw557YWfl8P9O6g46reeQDtrXHSAhoEcKQpa2RxNjJhJQfBcCiuljStogwePk2PLGYACa_H-ALl7Ny8:1mKRYL:fryXMlPIxxorAA4x8sKpTJ_CAUAv_vUvbNrgrY4FbMI", "expire_date": "2021-09-12T20:37:17.138Z"}}, {"model": "sessions.session", "pk": "o4do0gk3qrpp29jvcjug2smd0xni9stc", "fields": {"session_data": ".eJxVjEEOwiAQRe_C2hAYoIBL956BzMBEqgaS0q6Md9cmXej2v_f-SyTc1pq2wUuaizgLLU6_G2F-cNtBuWO7dZl7W5eZ5K7Igw557YWfl8P9O6g46reeQDtrXHSAhoEcKQpa2RxNjJhJQfBcCiuljStogwePk2PLGYACa_H-ALl7Ny8:1mFXQF:NbyZ4SK1ABOyoHxI0FX5wCEo5nai84TVdkSYlkh6Qy8", "expire_date": "2021-08-30T07:52:39.758Z"}}, {"model": "sessions.session", "pk": "s1xcruf3b06kohnarwvqovf3rksi6ihe", "fields": {"session_data": ".eJxVjEEOwiAQRe_C2hAYoIBL956BzMBEqgaS0q6Md9cmXej2v_f-SyTc1pq2wUuaizgLLU6_G2F-cNtBuWO7dZl7W5eZ5K7Igw557YWfl8P9O6g46reeQDtrXHSAhoEcKQpa2RxNjJhJQfBcCiuljStogwePk2PLGYACa_H-ALl7Ny8:1mDT9b:CweZ-QzAlnZ-D5yDfYBXweggPFXFtzoqzriF4Md8op8", "expire_date": "2021-08-24T14:54:55.543Z"}}, {"model": "sessions.session", "pk": "v1dwo005rsdbxren886ds8icjpigq7yh", "fields": {"session_data": ".eJxVjEEOwiAQRe_C2hAYoIBL956BzMBEqgaS0q6Md9cmXej2v_f-SyTc1pq2wUuaizgLLU6_G2F-cNtBuWO7dZl7W5eZ5K7Igw557YWfl8P9O6g46reeQDtrXHSAhoEcKQpa2RxNjJhJQfBcCiuljStogwePk2PLGYACa_H-ALl7Ny8:1mDW2O:xeCNnoBe3jcv8yIXZxjlF_pHe6IS5YKfpfCS0T1W1wg", "expire_date": "2021-08-24T17:59:40.858Z"}}, {"model": "sessions.session", "pk": "zxuspv9zhgmt9mua92ym2s1bjelz9d4q", "fields": {"session_data": ".eJxVjEEOwiAQRe_C2hAYoIBL956BzMBEqgaS0q6Md9cmXej2v_f-SyTc1pq2wUuaizgLLU6_G2F-cNtBuWO7dZl7W5eZ5K7Igw557YWfl8P9O6g46reeQDtrXHSAhoEcKQpa2RxNjJhJQfBcCiuljStogwePk2PLGYACa_H-ALl7Ny8:1mMXwt:gtXZH73IAV6lXvVEpavSdl0f0OPFT5ddkR6uz1EKMgg", "expire_date": "2021-09-18T15:51:19.224Z"}}, {"model": "accounts.customuser", "pk": 1, "fields": {"password": "pbkdf2_sha256$260000$3LmsqY6z8BEWTTotACqM7e$EWkIIHJmaWAfI4BVj4ncUyGlfqFk/liALFJie5rZfWo=", "last_login": "2021-09-04T15:51:18.872Z", "is_superuser": true, "username": "admin", "first_name": "", "last_name": "", "email": "", "is_staff": true, "is_active": true, "date_joined": "2021-08-10T12:25:23.320Z", "is_activated": true, "avatar": "profile/001.gif", "birthday": null, "city": null, "raiting": 17, "groups": [], "user_permissions": []}}, {"model": "accounts.customuser", "pk": 3, "fields": {"password": "pbkdf2_sha256$260000$w3t5XiY2EPxMPBK0uUEjiv$ZvEPG5GDpc45ReHc5FMm6rz8xecsU0tmuMhMj9uOLqQ=", "last_login": "2021-08-27T19:12:21Z", "is_superuser": false, "username": "user_2", "first_name": "", "last_name": "", "email": "test@test.com", "is_staff": true, "is_active": true, "date_joined": "2021-08-10T17:57:25Z", "is_activated": true, "avatar": "default.png", "birthday": null, "city": null, "raiting": 0, "groups": [2], "user_permissions": []}}, {"model": "quiz.exam", "pk": 1, "fields": {"create_timestamp": "2021-08-11T18:43:26.350Z", "update_timestamp": "2021-08-14T20:55:52.190Z", "uuid": "ce2a6163-d528-4e1f-b4e2-53e8a6f2a4cc", "title": "Тест по географии", "description": "Простой общий тест по географии", "level": 0}}, {"model": "quiz.question", "pk": 1, "fields": {"create_timestamp": "2021-08-11T18:44:16.213Z", "update_timestamp": "2021-08-11T18:44:16.213Z", "exam": 1, "order_num": 1, "text": "Первое кругосветное путешествие совершил", "image": ""}}, {"model": "quiz.question", "pk": 2, "fields": {"create_timestamp": "2021-08-11T18:48:15.291Z", "update_timestamp": "2021-08-11T18:48:15.291Z", "exam": 1, "order_num": 2, "text": "Параллелями называют линии, условно проведенные по поверхности Земли", "image": ""}}, {"model": "quiz.question", "pk": 3, "fields": {"create_timestamp": "2021-08-11T18:50:36.929Z", "update_timestamp": "2021-08-11T18:50:36.929Z", "exam": 1, "order_num": 3, "text": "Географическая оболочка", "image": ""}}, {"model": "quiz.question", "pk": 4, "fields": {"create_timestamp": "2021-08-11T18:52:31.863Z", "update_timestamp": "2021-08-11T18:52:31.863Z", "exam": 1, "order_num": 4, "text": "Основные площади обрабатываемых земель расположены в", "image": ""}}, {"model": "quiz.question", "pk": 5, "fields": {"create_timestamp": "2021-08-11T18:55:02.020Z", "update_timestamp": "2021-08-11T18:55:02.020Z", "exam": 1, "order_num": 5, "text": "Не имеют выхода к морю страны", "image": ""}}, {"model": "quiz.choice", "pk": 1, "fields": {"question": 1, "text": "Х. Колумб", "is_correct": false}}, {"model": "quiz.choice", "pk": 2, "fields": {"question": 1, "text": "Миклухо – Маклай", "is_correct": false}}, {"model": "quiz.choice", "pk": 3, "fields": {"question": 1, "text": "М.Поло", "is_correct": false}}, {"model": "quiz.choice", "pk": 4, "fields": {"question": 1, "text": "Ф.Магеллан", "is_correct": true}}, {"model": "quiz.choice", "pk": 5, "fields": {"question": 2, "text": "Вдоль береговой линии", "is_correct": false}}, {"model": "quiz.choice", "pk": 6, "fields": {"question": 2, "text": "От одного полюса к другому", "is_correct": false}}, {"model": "quiz.choice", "pk": 7, "fields": {"question": 2, "text": "Параллельно экватору", "is_correct": true}}, {"model": "quiz.choice", "pk": 8, "fields": {"question": 2, "text": "Вдоль границы климатических поясов", "is_correct": false}}, {"model": "quiz.choice", "pk": 9, "fields": {"question": 3, "text": "Биосфера", "is_correct": true}}, {"model": "quiz.choice", "pk": 10, "fields": {"question": 3, "text": "Литосфера", "is_correct": false}}, {"model": "quiz.choice", "pk": 11, "fields": {"question": 3, "text": "Гидросфера", "is_correct": false}}, {"model": "quiz.choice", "pk": 12, "fields": {"question": 3, "text": "Атмосфера", "is_correct": false}}, {"model": "quiz.choice", "pk": 13, "fields": {"question": 4, "text": "лесостепях и степях", "is_correct": true}}, {"model": "quiz.choice", "pk": 14, "fields": {"question": 4, "text": "экваториальных лесах", "is_correct": false}}, {"model": "quiz.choice", "pk": 15, "fields": {"question": 4, "text": "тундре и лесотундре", "is_correct": false}}, {"model": "quiz.choice", "pk": 16, "fields": {"question": 4, "text": "полупустынях и пустынях", "is_correct": false}}, {"model": "quiz.choice", "pk": 17, "fields": {"question": 4, "text": "тайге, смешанных лесах", "is_correct": false}}, {"model": "quiz.choice", "pk": 18, "fields": {"question": 5, "text": "Албания, Греция", "is_correct": false}}, {"model": "quiz.choice", "pk": 19, "fields": {"question": 5, "text": "Чехия, Венгрия", "is_correct": true}}, {"model": "quiz.choice", "pk": 20, "fields": {"question": 5, "text": "Румыния, Венгрия", "is_correct": false}}, {"model": "quiz.choice", "pk": 21, "fields": {"question": 5, "text": "Германия, Франция", "is_correct": false}}, {"model": "quiz.choice", "pk": 22, "fields": {"question": 5, "text": "Польша, Болгария", "is_correct": false}}, {"model": "quiz.result", "pk": 1, "fields": {"create_timestamp": "2021-08-14T17:27:07.864Z", "update_timestamp": "2021-08-20T19:07:20.965Z", "user": 1, "exam": 1, "state": 1, "uuid": "4df32a0d-0dfd-49e7-b4d0-8d310559611e", "current_order_number": 5, "num_correct_answers": 3, "num_incorrect_answers": 0}}, {"model": "quiz.result", "pk": 2, "fields": {"create_timestamp": "2021-08-14T17:30:23.587Z", "update_timestamp": "2021-08-25T18:13:13.788Z", "user": 1, "exam": 1, "state": 0, "uuid": "fe14b799-3a70-4ca8-b678-a4dccfb4c5ab", "current_order_number": 4, "num_correct_answers": 0, "num_incorrect_answers": 1}}, {"model": "quiz.result", "pk": 3, "fields": {"create_timestamp": "2021-08-14T17:35:41.890Z", "update_timestamp": "2021-08-20T18:49:16.743Z", "user": 1, "exam": 1, "state": 1, "uuid": "97f032ec-f4d5-4ce0-8f21-277b1300e9a5", "current_order_number": 5, "num_correct_answers": 1, "num_incorrect_answers": 0}}, {"model": "quiz.result", "pk": 7, "fields": {"create_timestamp": "2021-08-14T22:41:08.383Z", "update_timestamp": "2021-08-14T22:41:21.883Z", "user": 1, "exam": 1, "state": 1, "uuid": "ac450fa9-7bfe-4303-ae12-194e465c385c", "current_order_number": 5, "num_correct_answers": 4, "num_incorrect_answers": 1}}, {"model": "quiz.result", "pk": 11, "fields": {"create_timestamp": "2021-08-15T08:21:49.749Z", "update_timestamp": "2021-08-15T08:22:01.342Z", "user": 1, "exam": 1, "state": 1, "uuid": "b9355259-a21a-4d92-9b3f-92180f6fbbab", "current_order_number": 5, "num_correct_answers": 5, "num_incorrect_answers": 0}}, {"model": "quiz.result", "pk": 16, "fields": {"create_timestamp": "2021-08-25T19:26:06.895Z", "update_timestamp": "2021-08-25T19:26:20.169Z", "user": 3, "exam": 1, "state": 1, "uuid": "64324c8e-5442-4700-91e2-fab19738a5f9", "current_order_number": 5, "num_correct_answers": 2, "num_incorrect_answers": 3}}, {"model": "quiz.result", "pk": 17, "fields": {"create_timestamp": "2021-08-25T19:38:58.004Z", "update_timestamp": "2021-08-25T19:39:08.254Z", "user": 3, "exam": 1, "state": 0, "uuid": "977d1bf1-5126-4ac7-b74c-b6b55a5c8888", "current_order_number": 4, "num_correct_answers": 1, "num_incorrect_answers": 3}}, {"model": "quiz.result", "pk": 19, "fields": {"create_timestamp": "2021-08-26T06:50:05.881Z", "update_timestamp": "2021-08-26T06:50:16.232Z", "user": 1, "exam": 1, "state": 1, "uuid": "24ae5231-fd88-4f41-8cb9-30c4ed709645", "current_order_number": 5, "num_correct_answers": 1, "num_incorrect_answers": 4}}]